Timestamp,User,Comment,Source
2026-06-02T20:56:40Z,~2026-32840-47,/* */ Fixed incorrect grammar at header of article.,Wikipedia API - Revision History
2026-03-04T00:37:16Z,~2026-13855-95,/* Prevailing wind */Fixed spelling and grammar.,Wikipedia API - Revision History
2025-12-08T04:25:40Z,MagiTagi,"/* Prevailing wind */This information is not accurate (or is no longer accurate), the average cairo temperature is much colder and moderate than described, there is no citation as to what this is measuring. It's worth noting that the winter of 2025-2026 will likely dip below 7.",Wikipedia API - Revision History
2025-10-23T17:34:37Z,PM Wiki the I,,Wikipedia API - Revision History
2025-08-26T01:43:43Z,2001:8F8:1735:E3E:3D4C:6265:EF80:42CC,,Wikipedia API - Revision History
2025-07-30T03:58:32Z,83.249.231.71,"Of the initial four cities listed, none of them have ever had a temperature reading of 54 degrees Celsius. In fact, nowhere in Egypt has such a high reading ever been recorded. As for averages, the highest of them was Aswan which has an average daily high of 41.9° C in two months of the year as can be seen on its linked Wikipedia article. As for Luxor, its hottest month has an average daily high of 41.2° C. The two cities I deleted fail to even reach a daily average high of 40° in any month.",Wikipedia API - Revision History
2025-05-20T22:01:55Z,Cheaters33,,Wikipedia API - Revision History
2025-04-01T21:56:50Z,MrOllie,Reverted 4 edits by [[Special:Contributions/109.242.92.120|109.242.92.120]] ([[User talk:109.242.92.120|talk]]) to last revision by Forestvoid,Wikipedia API - Revision History
2025-04-01T21:41:18Z,109.242.92.120,Τίποτα,Wikipedia API - Revision History
2025-04-01T21:38:37Z,109.242.92.120,Τίποτα,Wikipedia API - Revision History
2025-04-01T21:37:20Z,109.242.92.120,Τίποτα,Wikipedia API - Revision History
2025-04-01T21:34:32Z,109.242.92.120,Τίποτα,Wikipedia API - Revision History
2025-01-02T06:22:23Z,Forestvoid,Added link to the main Egypt page,Wikipedia API - Revision History
2025-01-02T06:15:39Z,Forestvoid,Fixed error with date of Cairo snowfall,Wikipedia API - Revision History
2024-12-16T07:34:12Z,109.242.138.8,Τίποτα,Wikipedia API - Revision History
2024-12-16T07:33:33Z,109.242.138.8,Τίποτα,Wikipedia API - Revision History
2024-11-02T22:54:37Z,176.58.192.210,Typo,Wikipedia API - Revision History
2024-11-02T22:52:25Z,176.58.192.210,Tell me about it,Wikipedia API - Revision History
2024-11-02T22:50:20Z,176.58.192.210,Easily,Wikipedia API - Revision History
2024-10-27T14:54:33Z,2A02:1810:1420:7600:C1B9:48C7:7D74:28E3,/* Prevailing wind */ Spelling,Wikipedia API - Revision History
2024-10-17T21:27:17Z,176.58.192.210,Tipota,Wikipedia API - Revision History
2024-10-17T21:25:31Z,176.58.192.210,Tipota,Wikipedia API - Revision History
2024-10-03T19:47:48Z,144.51.12.162,/* Mountainous areas */,Wikipedia API - Revision History
2024-10-03T19:47:20Z,144.51.12.162,/* Mountainous areas */,Wikipedia API - Revision History
2024-06-20T07:44:24Z,LukaStuber,/* Mountainous areas */changed commas and periods,Wikipedia API - Revision History
2024-06-18T19:25:55Z,2C0F:FC88:22:23F2:2:2:89B6:51C1,/* Mountainous areas */,Wikipedia API - Revision History
2024-06-18T19:23:45Z,2C0F:FC88:22:23F2:2:2:89B6:51C1,/* Prevailing wind */,Wikipedia API - Revision History
2024-06-18T19:22:42Z,2C0F:FC88:22:23F2:2:2:89B6:51C1,,Wikipedia API - Revision History
2024-06-18T19:21:09Z,2C0F:FC88:22:23F2:2:2:89B6:51C1,/* Prevailing wind */,Wikipedia API - Revision History
2024-06-12T20:43:57Z,LucasBrown,,Wikipedia API - Revision History
2024-05-20T11:31:20Z,41.234.197.58,/* Prevailing wind */,Wikipedia API - Revision History
2024-04-26T16:06:04Z,50.222.176.129,,Wikipedia API - Revision History
2024-04-25T18:55:31Z,Felida97,Reverted edits by [[Special:Contributions/2A02:A45D:535F:1:AD51:BB3:C6E1:A181|2A02:A45D:535F:1:AD51:BB3:C6E1:A181]] ([[User talk:2A02:A45D:535F:1:AD51:BB3:C6E1:A181|talk]]): disruptive edits ([[WP:HG|HG]]) (3.4.9),Wikipedia API - Revision History
2024-04-25T18:51:53Z,2A02:A45D:535F:1:AD51:BB3:C6E1:A181,/* Rainfall */,Wikipedia API - Revision History
2024-04-25T18:49:26Z,Felida97,Reverted edits by [[Special:Contributions/2A02:A45D:535F:1:AD51:BB3:C6E1:A181|2A02:A45D:535F:1:AD51:BB3:C6E1:A181]] ([[User talk:2A02:A45D:535F:1:AD51:BB3:C6E1:A181|talk]]): [[WP:PROVEIT|factual errors]] ([[WP:HG|HG]]) (3.4.9),Wikipedia API - Revision History
2024-04-25T18:49:07Z,2A02:A45D:535F:1:AD51:BB3:C6E1:A181,/* Prevailing wind */,Wikipedia API - Revision History
2024-04-25T18:48:21Z,ClueBot NG,"Reverting possible vandalism by [[Special:Contribs/2A02:A45D:535F:1:AD51:BB3:C6E1:A181|2A02:A45D:535F:1:AD51:BB3:C6E1:A181]] to version by 102.45.220.196. [[WP:CBFP|Report False Positive?]] Thanks, [[WP:CBNG|ClueBot NG]]. (4317916) (Bot)",Wikipedia API - Revision History
2024-04-25T18:48:15Z,2A02:A45D:535F:1:AD51:BB3:C6E1:A181,/* Prevailing wind */,Wikipedia API - Revision History
2024-04-06T00:12:17Z,102.45.220.196,/* Mountainous areas */,Wikipedia API - Revision History
2024-04-04T04:49:54Z,156.192.222.19,/* Prevailing wind */,Wikipedia API - Revision History
2024-04-04T04:46:10Z,156.192.222.19,/* Prevailing wind */Correct a mistake which tells that night-time are vert hot,Wikipedia API - Revision History
2024-04-04T04:40:20Z,156.192.222.19,/* Mountainous areas */Mentioning the snowy day in Alexandria,Wikipedia API - Revision History
2024-03-20T21:28:34Z,Cewbot,"[[User:Cewbot/log/20201008/configuration|Fixing broken anchor]]: #Geography and climate→most alike anchor [[Saint Catherine, Egypt#Geography]]",Wikipedia API - Revision History
2024-01-28T05:50:13Z,MusikBot II,Removing protection templates from unprotected page ([[User:MusikBot II/FixPP/FAQ|more info]]),Wikipedia API - Revision History
2024-01-07T12:15:43Z,John Cummings,/* Rainfall */ adding graphic,Wikipedia API - Revision History
2023-12-13T16:57:45Z,InternetArchiveBot,Rescuing 1 sources and tagging 0 as dead.) #IABot (v2.0.9.5,Wikipedia API - Revision History
2023-05-17T19:47:41Z,Barefoot through the chollas,/* Prevailing wind */,Wikipedia API - Revision History
2022-08-14T08:54:36Z,InternetArchiveBot,Rescuing 1 sources and tagging 0 as dead.) #IABot (v2.0.8.9,Wikipedia API - Revision History
2022-07-31T03:36:41Z,Ffffrr,"Adding local [[Wikipedia:Short description|short description]]: ""Hot desert climate"", overriding Wikidata description ""Country Climate""",Wikipedia API - Revision History
2022-05-18T11:55:09Z,Arcahaeoindris,/* See also */,Wikipedia API - Revision History
2022-04-12T03:49:12Z,Firth m,/* Rainfall */,Wikipedia API - Revision History
2022-01-16T23:25:48Z,Inertia6084,([[c:GR|GR]]) [[c:COM:FR|File renamed]]: [[File:Dragon effect!.jpg]] → [[File:Nile after Dragon Storm (March 2020).jpg]] [[c:COM:FR#FR2|Criterion 2]] (meaningless or ambiguous name),Wikipedia API - Revision History
2021-08-16T12:24:01Z,Sadads,link [[heat wave]] using [[:en:User:Edward/Find link|Find link]],Wikipedia API - Revision History
2021-04-05T17:38:33Z,Kfitzgib,/* Prevailing wind */Wordsmithing,Wikipedia API - Revision History
2021-01-20T14:10:14Z,MusikBot II,Adding missing protection template ([[User:MusikBot II/FixPP/FAQ|more info]]),Wikipedia API - Revision History
2021-01-20T13:58:56Z,Materialscientist,"Protected ""[[Climate of Egypt]]"": Persistent [[WP:Vandalism|vandalism]] ([Edit=Require autoconfirmed or confirmed access] (expires 13:58, 20 January 2024 (UTC)) [Move=Require autoconfirmed or confirmed access] (expires 13:58, 20 January 2024 (UTC)))",Wikipedia API - Revision History
2021-01-20T13:58:30Z,Materialscientist,rvv,Wikipedia API - Revision History
2021-01-20T13:51:14Z,82.21.208.129,/* Rainfall */,Wikipedia API - Revision History
2021-01-20T13:50:45Z,ClueBot NG,"Reverting possible vandalism by [[Special:Contribs/82.21.208.129|82.21.208.129]] to version by 135.180.108.76. [[WP:CBFP|Report False Positive?]] Thanks, [[WP:CBNG|ClueBot NG]]. (3872006) (Bot)",Wikipedia API - Revision History
2021-01-20T13:50:42Z,82.21.208.129,/* Rainfall */,Wikipedia API - Revision History
2021-01-13T17:38:01Z,135.180.108.76,/* Prevailing wind */,Wikipedia API - Revision History
2021-01-11T02:55:01Z,Monkbot,[[User:Monkbot/task 18|Task 18 (cosmetic)]]: eval 4 templates: hyphenate params (4×);,Wikipedia API - Revision History
2020-12-12T15:59:53Z,194.35.117.113,"Changed ""cold"" to ""hot"" desert climate",Wikipedia API - Revision History
2020-12-04T19:33:27Z,135.180.108.76,,Wikipedia API - Revision History
2020-11-26T04:18:34Z,108.170.128.226,Undid revision 985740956 by [[Special:Contributions/68.14.156.50|68.14.156.50]] ([[User talk:68.14.156.50|talk]]),Wikipedia API - Revision History
2020-10-27T17:56:07Z,68.14.156.50,/* See also */,Wikipedia API - Revision History
2020-07-17T00:16:27Z,Esperfulmo,"/* Sand storms */ restored, corrected the sandstorm season",Wikipedia API - Revision History
2020-07-09T15:39:39Z,2001:8F8:172D:24D5:9517:3EBF:83D0:ADF,/* Sand storms */,Wikipedia API - Revision History
2020-06-18T14:39:45Z,86.89.105.130,,Wikipedia API - Revision History
2020-05-07T13:01:13Z,197.167.18.113,/* Prevailing wind */,Wikipedia API - Revision History
2020-05-06T05:46:54Z,2601:201:100:B6:2C1A:74B6:7654:82D6,/* Sand storms */,Wikipedia API - Revision History
2020-05-06T01:10:29Z,1.64.13.138,/* Sand storms */,Wikipedia API - Revision History
2020-04-11T09:29:16Z,Timothy2b,Added a map of the climate of Egypt,Wikipedia API - Revision History
2020-03-21T17:44:07Z,Ji-Elle,/* Sand storms */ +pict,Wikipedia API - Revision History
2020-03-03T18:24:24Z,99.145.189.105,/* Sand storms */,Wikipedia API - Revision History
2020-03-03T14:32:26Z,37.72.112.6,/* Sand storms */,Wikipedia API - Revision History
2019-12-06T23:48:46Z,2607:FEA8:DE0:5C6E:D1F3:BD94:EBD2:E29A,/* Rainfall */,Wikipedia API - Revision History
2019-09-25T00:33:57Z,108.45.131.185,/* General information */,Wikipedia API - Revision History
2019-09-16T13:27:40Z,Monkbot,/* General information */[[User:Monkbot/task 16: remove replace deprecated dead-url params|Task 16]]: replaced (1×) / removed (0×) deprecated |dead-url= and |deadurl= with |url-status=;,Wikipedia API - Revision History
2019-09-02T15:25:57Z,103.216.145.126,/* Precipitation */,Wikipedia API - Revision History
2019-08-15T11:18:46Z,Onceinawhile,disambiguation to Sinai Peninsula  (via [[WP:JWB]]),Wikipedia API - Revision History
2019-08-06T02:03:41Z,Giooo95,Reverted edits by [[Special:Contributions/71.183.69.249|71.183.69.249]] ([[User talk:71.183.69.249|talk]]) ([[WP:HG|HG]]) (3.4.9),Wikipedia API - Revision History
2019-08-06T02:02:58Z,71.183.69.249,,Wikipedia API - Revision History
2019-08-06T02:00:26Z,Giooo95,Reverted edits by [[Special:Contributions/71.183.69.249|71.183.69.249]] ([[User talk:71.183.69.249|talk]]) ([[WP:HG|HG]]) (3.4.9),Wikipedia API - Revision History
2019-08-06T01:59:51Z,71.183.69.249,,Wikipedia API - Revision History
2019-08-06T01:58:38Z,71.183.69.249,,Wikipedia API - Revision History
2019-07-05T02:50:38Z,InternetArchiveBot,Rescuing 1 sources and tagging 0 as dead. #IABot (v2.0beta15),Wikipedia API - Revision History
2019-05-30T06:47:46Z,Serols,Reverted edits by [[Special:Contributions/14.201.124.14|14.201.124.14]] ([[User talk:14.201.124.14|talk]]) ([[WP:HG|HG]]) (3.4.6),Wikipedia API - Revision History
2019-05-30T06:47:00Z,14.201.124.14,,Wikipedia API - Revision History
2019-04-29T19:56:29Z,D Eaketts,Reverted 1 edit by [[Special:Contributions/216.213.195.61|216.213.195.61]] ([[User talk:216.213.195.61|talk]]) to last revision by D Eaketts ([[WP:TW|TW]]),Wikipedia API - Revision History
2019-04-29T19:54:01Z,216.213.195.61,,Wikipedia API - Revision History
2019-04-29T19:53:16Z,D Eaketts,Reverted 1 edit by [[Special:Contributions/216.213.195.61|216.213.195.61]] ([[User talk:216.213.195.61|talk]]) to last revision by ClueBot NG ([[WP:TW|TW]]),Wikipedia API - Revision History
2019-04-29T19:52:41Z,216.213.195.61,,Wikipedia API - Revision History
2019-04-24T00:38:50Z,ClueBot NG,"Reverting possible vandalism by [[Special:Contribs/2600:100A:B102:D19A:299F:1BA:CA2E:803F|2600:100A:B102:D19A:299F:1BA:CA2E:803F]] to version by Zppix. [[WP:CBFP|Report False Positive?]] Thanks, [[WP:CBNG|ClueBot NG]]. (3620241) (Bot)",Wikipedia API - Revision History
2019-04-24T00:38:46Z,2600:100A:B102:D19A:299F:1BA:CA2E:803F,/* Prevailing wind */,Wikipedia API - Revision History
2019-04-01T13:49:10Z,Zppix,Reverted edits by [[Special:Contributions/95.172.237.251|95.172.237.251]] ([[User talk:95.172.237.251|talk]]) ([[WP:HG|HG]]) (3.4.6),Wikipedia API - Revision History
2019-04-01T13:49:00Z,95.172.237.251,,Wikipedia API - Revision History
2019-04-01T13:43:10Z,CLCStudent,Reverted edits by [[Special:Contribs/95.172.237.251|95.172.237.251]] ([[User talk:95.172.237.251|talk]]) to last version by Mahmudmasri,Wikipedia API - Revision History
2019-04-01T13:42:53Z,95.172.237.251,/* Prevailing wind */,Wikipedia API - Revision History
2019-02-09T12:53:19Z,Esperfulmo,removed vandalism,Wikipedia API - Revision History
2019-02-02T01:30:54Z,2602:306:CCC5:4BD0:E44A:BC7E:28F5:4FDE,,Wikipedia API - Revision History
2019-02-02T01:29:34Z,2602:306:CCC5:4BD0:E44A:BC7E:28F5:4FDE,,Wikipedia API - Revision History
2019-01-30T18:31:13Z,198.246.136.35,/* General information */,Wikipedia API - Revision History
2018-11-29T00:10:05Z,Certes,Undid revision 868658433 by [[Special:Contributions/94.185.60.95|94.185.60.95]] ([[User talk:94.185.60.95|talk]]): unexplained removal of content; breaks format,Wikipedia API - Revision History
2018-11-21T08:42:14Z,ClueBot NG,"Reverting possible vandalism by [[Special:Contribs/2.50.173.170|2.50.173.170]] to version by 94.185.60.95. [[WP:CBFP|Report False Positive?]] Thanks, [[WP:CBNG|ClueBot NG]]. (3544509) (Bot)",Wikipedia API - Revision History
2018-11-21T08:42:12Z,2.50.173.170,/* Sand storms */,Wikipedia API - Revision History
2018-11-13T16:47:51Z,94.185.60.95,,Wikipedia API - Revision History
2018-10-24T21:16:03Z,CLCStudent,Reverted edits by [[Special:Contribs/2606:A000:1126:2296:CC99:7F8:9E6B:657B|2606:A000:1126:2296:CC99:7F8:9E6B:657B]] ([[User talk:2606:A000:1126:2296:CC99:7F8:9E6B:657B|talk]]) to last version by Daiyusha,Wikipedia API - Revision History
2018-10-24T21:15:52Z,2606:A000:1126:2296:CC99:7F8:9E6B:657B,Added content,Wikipedia API - Revision History
2018-10-11T06:46:27Z,Daiyusha,Reverted 1 edit by [[Special:Contributions/113.161.128.95|113.161.128.95]] ([[User talk:113.161.128.95|talk]]) to last revision by 103.217.166.154. ([[WP:TW|TW]]),Wikipedia API - Revision History
2018-10-11T06:40:36Z,113.161.128.95,/* Prevailing wind */,Wikipedia API - Revision History
2018-09-15T16:56:10Z,103.217.166.154,/* Prevailing wind */  fix formatting,Wikipedia API - Revision History
2018-09-09T12:27:20Z,102.251.20.99,/* Prevailing wind */,Wikipedia API - Revision History
2018-06-23T14:48:23Z,Smrgeog,,Wikipedia API - Revision History
2018-06-23T14:46:47Z,Smrgeog,/* Precipitation */,Wikipedia API - Revision History
2018-06-23T14:45:56Z,Smrgeog,undoing vandalism,Wikipedia API - Revision History
2018-06-03T10:39:16Z,69.202.215.147,/* Precipitation */Grammatical correction,Wikipedia API - Revision History
2018-05-22T10:52:13Z,JahlilMA,/* References */ adding template,Wikipedia API - Revision History
2018-05-06T11:33:02Z,196.210.53.181,,Wikipedia API - Revision History
2018-04-23T22:16:14Z,98.127.90.102,,Wikipedia API - Revision History
2018-04-21T02:22:12Z,75.83.132.23,,Wikipedia API - Revision History
2018-04-04T21:37:43Z,ClueBot NG,"Reverting possible vandalism by [[Special:Contribs/2601:40C:C202:EA70:A538:C2F8:AAF5:7129|2601:40C:C202:EA70:A538:C2F8:AAF5:7129]] to version by Mahmudmasri. [[WP:CBFP|Report False Positive?]] Thanks, [[WP:CBNG|ClueBot NG]]. (3339185) (Bot)",Wikipedia API - Revision History
2018-04-04T21:37:40Z,2601:40C:C202:EA70:A538:C2F8:AAF5:7129,/* Prevailing wind */,Wikipedia API - Revision History
2018-03-31T15:57:15Z,Esperfulmo,/* top */,Wikipedia API - Revision History
2018-03-15T08:11:53Z,2A00:23C0:FCF6:4801:300E:8F68:E753:784A,,Wikipedia API - Revision History
2018-03-09T20:56:11Z,2604:6000:9A05:4600:20AE:3D5F:EE14:6DF5,,Wikipedia API - Revision History
2018-03-04T16:10:01Z,I dream of horses,Reverted edits by [[Special:Contributions/2601:340:4202:5C76:3419:1419:8ED0:6F98|2601:340:4202:5C76:3419:1419:8ED0:6F98]] ([[User talk:2601:340:4202:5C76:3419:1419:8ED0:6F98|talk]]): unexplained content removal ([[WP:HG|HG]]) (3.3.3),Wikipedia API - Revision History
2018-03-04T16:09:04Z,2601:340:4202:5C76:3419:1419:8ED0:6F98,/* Prevailing wind */,Wikipedia API - Revision History
2018-03-04T16:08:52Z,I dream of horses,Reverted edits by [[Special:Contributions/2601:340:4202:5C76:3419:1419:8ED0:6F98|2601:340:4202:5C76:3419:1419:8ED0:6F98]] ([[User talk:2601:340:4202:5C76:3419:1419:8ED0:6F98|talk]]) ([[WP:HG|HG]]) (3.3.3),Wikipedia API - Revision History
2018-03-04T16:08:37Z,2601:340:4202:5C76:3419:1419:8ED0:6F98,/* Prevailing wind */,Wikipedia API - Revision History
2018-02-05T23:19:20Z,KylieTastic,Reverted 1 edit by [[Special:Contributions/24.205.142.202|24.205.142.202]] ([[User talk:24.205.142.202|talk]]) to last revision by Simplexity22. ([[WP:TW|TW]]),Wikipedia API - Revision History
2018-02-05T23:16:05Z,24.205.142.202,The simple life in the climate,Wikipedia API - Revision History
2018-01-30T21:13:30Z,Jinerea,Reverted edits by [[Special:Contribs/168.8.212.91|168.8.212.91]] ([[User talk:168.8.212.91|talk]]) to last version by ClueBot NG,Wikipedia API - Revision History
2018-01-30T21:13:11Z,168.8.212.91,,Wikipedia API - Revision History
2018-01-30T21:07:39Z,168.8.212.91,/* Prevailing wind */,Wikipedia API - Revision History
2018-01-30T21:07:18Z,ClueBot NG,"Reverting possible vandalism by [[Special:Contribs/168.8.212.91|168.8.212.91]] to version by 2A01:388:289:150:0:0:1:1CD. [[WP:CBFP|Report False Positive?]] Thanks, [[WP:CBNG|ClueBot NG]]. (3266593) (Bot)",Wikipedia API - Revision History
2018-01-30T21:07:15Z,168.8.212.91,/* Prevailing wind */,Wikipedia API - Revision History
2018-01-30T21:07:05Z,168.8.212.91,/* Prevailing wind */,Wikipedia API - Revision History
2018-01-23T15:45:33Z,2A01:388:289:150:0:0:1:1CD,[[Wikipedia:Manual_of_Style#Instructional_and_presumptuous_language]],Wikipedia API - Revision History
2018-01-19T00:34:58Z,Esperfulmo,/* General information */,Wikipedia API - Revision History
2018-01-19T00:34:30Z,Esperfulmo,"restored important overall intro, the hanging photo; titling",Wikipedia API - Revision History
2017-11-27T22:17:51Z,137.229.78.208,/* General information */,Wikipedia API - Revision History
2017-11-20T16:56:44Z,82.31.57.103,,Wikipedia API - Revision History
2017-10-11T18:25:13Z,Serols,Reverted edits by [[Special:Contributions/196.146.108.237|196.146.108.237]] ([[User talk:196.146.108.237|talk]]) ([[WP:HG|HG]]) (3.2.0),Wikipedia API - Revision History
2017-10-11T18:24:43Z,196.146.108.237,The word into bold,Wikipedia API - Revision History
2017-10-10T02:28:33Z,2601:1C0:8100:71CD:5CFA:C531:42AF:8A3F,"Meep
Meep
Meep
Yeep
Yeep
 yeep
Yeek
Yeek
Yeek
Yee_k",Wikipedia API - Revision History
2017-09-24T04:03:05Z,PlyrStar93,Reverted edits by [[Special:Contributions/103.232.208.173|103.232.208.173]] ([[User talk:103.232.208.173|talk]]) ([[WP:HG|HG]]) (3.3.0),Wikipedia API - Revision History
2017-09-24T04:02:56Z,103.232.208.173,,Wikipedia API - Revision History
2017-09-11T04:56:00Z,Alex Cohn,Reverted edits by [[Special:Contribs/180.95.38.172|180.95.38.172]] ([[User talk:180.95.38.172|talk]]) to last version by Alex Cohn,Wikipedia API - Revision History
2017-09-11T04:55:28Z,180.95.38.172,,Wikipedia API - Revision History
2017-09-11T04:53:42Z,Alex Cohn,Reverted edits by [[Special:Contribs/180.95.38.172|180.95.38.172]] ([[User talk:180.95.38.172|talk]]) to last version by Alex Cohn,Wikipedia API - Revision History
2017-09-11T04:53:32Z,180.95.38.172,,Wikipedia API - Revision History
2017-09-11T04:52:26Z,Alex Cohn,Reverted edits by [[Special:Contribs/180.95.38.172|180.95.38.172]] ([[User talk:180.95.38.172|talk]]) to last version by ClueBot NG,Wikipedia API - Revision History
2017-09-11T04:51:24Z,180.95.38.172,,Wikipedia API - Revision History
2017-09-11T04:48:35Z,ClueBot NG,"Reverting possible vandalism by [[Special:Contribs/180.95.38.172|180.95.38.172]] to version by 2620:10D:C091:200:0:0:1:E41A. [[WP:CBFP|Report False Positive?]] Thanks, [[WP:CBNG|ClueBot NG]]. (3122382) (Bot)",Wikipedia API - Revision History
2017-09-11T04:48:30Z,180.95.38.172,,Wikipedia API - Revision History
2017-06-01T20:52:00Z,2620:10D:C091:200:0:0:1:E41A,Fixed a trolling comment. Egypt is not known for the Eiffel tower or snowy climate.,Wikipedia API - Revision History
2017-05-30T15:13:47Z,Frosty111,,Wikipedia API - Revision History
2017-05-30T02:04:25Z,67.70.69.34,,Wikipedia API - Revision History
2017-05-27T02:58:58Z,2601:187:4580:25D0:40E9:799A:277D:34A6,,Wikipedia API - Revision History
2017-05-22T07:26:48Z,ClueBot NG,"Reverting possible vandalism by [[Special:Contribs/2.98.7.160|2.98.7.160]] to version by Oshwah. [[WP:CBFP|Report False Positive?]] Thanks, [[WP:CBNG|ClueBot NG]]. (3043831) (Bot)",Wikipedia API - Revision History
2017-05-22T07:26:46Z,2.98.7.160,,Wikipedia API - Revision History
2017-05-02T16:29:54Z,Oshwah,Reverted edits by [[Special:Contributions/206.174.182.86|206.174.182.86]] ([[User talk:206.174.182.86|talk]]): Unexplained removal of content ([[WP:HG|HG]]) (3.1.22),Wikipedia API - Revision History
2017-05-02T16:29:43Z,206.174.182.86,,Wikipedia API - Revision History
2017-04-17T20:10:41Z,Mz7,Reverted edits by [[Special:Contributions/98.164.185.2|98.164.185.2]] ([[User talk:98.164.185.2|talk]]): Editing tests ([[WP:HG|HG]]) (3.1.20),Wikipedia API - Revision History
2017-04-17T20:07:49Z,98.164.185.2,,Wikipedia API - Revision History
2017-04-09T16:16:03Z,Bomb319,,Wikipedia API - Revision History
2017-03-24T11:55:46Z,109.231.225.250,,Wikipedia API - Revision History
2017-03-23T19:46:14Z,Quebec99,fixed reference,Wikipedia API - Revision History
2017-03-23T13:48:07Z,109.231.225.250,,Wikipedia API - Revision History
2017-03-19T09:48:02Z,2A02:C7D:3AA:F500:E160:9D0:E738:61D0,,Wikipedia API - Revision History
2017-03-19T09:42:46Z,2A02:C7D:3AA:F500:E160:9D0:E738:61D0,,Wikipedia API - Revision History
2017-03-01T05:24:28Z,Barek,Reverted edits by [[Special:Contribs/101.174.147.12|101.174.147.12]] ([[User talk:101.174.147.12|talk]]) to last version by 2001:569:773C:6300:B41C:2D30:AAC0:DFAA,Wikipedia API - Revision History
2017-03-01T05:07:58Z,101.174.147.12,,Wikipedia API - Revision History
2017-03-01T05:02:59Z,101.174.147.12,By begin vote,Wikipedia API - Revision History
2017-02-13T01:34:03Z,2001:569:773C:6300:B41C:2D30:AAC0:DFAA,,Wikipedia API - Revision History
2017-01-09T13:46:40Z,Cgt,Reverted edits by [[Special:Contribs/46.18.183.4|46.18.183.4]] ([[User talk:46.18.183.4|talk]]) to last version by 64.114.197.134,Wikipedia API - Revision History
2017-01-09T13:46:31Z,46.18.183.4,Fixed typo,Wikipedia API - Revision History
2017-01-05T17:30:26Z,64.114.197.134,Minor grammar changes,Wikipedia API - Revision History
2016-11-28T20:40:54Z,50.206.60.12,,Wikipedia API - Revision History
2016-11-28T20:39:05Z,50.206.60.12,,Wikipedia API - Revision History
2016-11-27T09:40:52Z,BlueJoshua300,,Wikipedia API - Revision History
2016-11-24T03:42:21Z,98.165.215.228,I changed some tense problems and updated one of the sources,Wikipedia API - Revision History
2016-11-13T21:49:26Z,216.164.131.170,Fixed typo fix typos but all,Wikipedia API - Revision History
2016-11-07T19:33:20Z,Turnopoems,,Wikipedia API - Revision History
2016-10-15T04:02:59Z,Agtx,Reverted edits by [[Special:Contribs/Edits1234567890|Edits1234567890]] ([[User talk:Edits1234567890|talk]]) to last version by 144.35.45.53,Wikipedia API - Revision History
2016-10-15T04:01:54Z,Edits1234567890,,Wikipedia API - Revision History
2016-10-07T20:51:12Z,144.35.45.53,fixed indent,Wikipedia API - Revision History
2016-10-05T15:08:28Z,92.29.227.186,,Wikipedia API - Revision History
2016-09-25T05:18:15Z,73.52.136.13,Simple grammatical issues.,Wikipedia API - Revision History
2016-08-25T20:56:29Z,68.113.225.4,Undid revision 734582933 by [[Special:Contributions/82.201.140.194|82.201.140.194]] ([[User talk:82.201.140.194|talk]]) -- no rationale provided for unedifying removal of this satellite image,Wikipedia API - Revision History
2016-08-15T09:23:13Z,82.201.140.194,,Wikipedia API - Revision History
2016-08-14T18:44:02Z,68.113.225.4,well...*almost* never...,Wikipedia API - Revision History
2016-07-10T10:44:53Z,Hmemberguy,,Wikipedia API - Revision History
2016-06-08T01:46:37Z,Oshwah,Reverted edits by [[Special:Contributions/97.95.115.84|97.95.115.84]] ([[User talk:97.95.115.84|talk]]) ([[WP:HG|HG]]) (3.1.20),Wikipedia API - Revision History
2016-06-08T01:46:29Z,97.95.115.84,,Wikipedia API - Revision History
2016-05-12T16:58:55Z,62.245.91.138,inappropriate language,Wikipedia API - Revision History
2016-04-18T15:01:22Z,Serols,Reverted edits by [[Special:Contributions/143.159.113.110|143.159.113.110]] ([[User talk:143.159.113.110|talk]]) ([[WP:HG|HG]]) (3.1.19),Wikipedia API - Revision History
2016-04-18T15:01:07Z,143.159.113.110,,Wikipedia API - Revision History
2016-03-22T20:46:16Z,Gilliam,Reverted edits by [[Special:Contribs/63.143.206.244|63.143.206.244]] ([[User talk:63.143.206.244|talk]]) to last version by 151.227.157.112,Wikipedia API - Revision History
2016-03-22T20:45:59Z,63.143.206.244,Added context and fix grammar,Wikipedia API - Revision History
2016-03-20T21:39:21Z,151.227.157.112,,Wikipedia API - Revision History
2016-03-15T19:31:09Z,95.145.212.60,,Wikipedia API - Revision History
2016-03-15T06:32:23Z,175.32.87.153,Punctuation,Wikipedia API - Revision History
2016-02-24T04:47:52Z,Oganesson007,Undid revision 706592367 by [[Special:Contributions/Ali Zifan|Ali Zifan]] ([[User talk:Ali Zifan|talk]]),Wikipedia API - Revision History
2016-02-24T04:47:32Z,Oganesson007,,Wikipedia API - Revision History
2016-02-23T00:21:15Z,63.152.90.87,Fixed spelling,Wikipedia API - Revision History
2016-02-23T00:19:20Z,ClueBot NG,"Reverting possible vandalism by [[Special:Contribs/63.152.90.87|63.152.90.87]] to version by TheFrog001. [[WP:CBFP|Report False Positive?]] Thanks, [[WP:CBNG|ClueBot NG]]. (2557943) (Bot)",Wikipedia API - Revision History
2016-02-23T00:19:18Z,63.152.90.87,,Wikipedia API - Revision History
2016-02-07T11:10:38Z,TheFrog001,Reverted 1 edit by [[Special:Contributions/77.100.116.100|77.100.116.100]] ([[User talk:77.100.116.100|talk]]) to last revision by ClueBot NG. ([[WP:TW|TW]]),Wikipedia API - Revision History
2016-02-07T11:10:03Z,77.100.116.100,,Wikipedia API - Revision History
2016-02-07T11:06:17Z,ClueBot NG,"Reverting possible vandalism by [[Special:Contribs/77.100.116.100|77.100.116.100]] to version by 142.29.193.132. [[WP:CBFP|Report False Positive?]] Thanks, [[WP:CBNG|ClueBot NG]]. (2537003) (Bot)",Wikipedia API - Revision History
2016-02-07T11:06:15Z,77.100.116.100,I made it better. E.g I made it easier to read as it's shorter now.,Wikipedia API - Revision History
2016-02-01T20:36:10Z,142.29.193.132,,Wikipedia API - Revision History
2016-01-29T21:13:59Z,Yamaguchi先生,Reverted edits by [[Special:Contribs/142.29.193.132|142.29.193.132]] ([[User talk:142.29.193.132|talk]]) to last version by Ssbbplayer,Wikipedia API - Revision History
2016-01-29T21:13:13Z,142.29.193.132,I changed it,Wikipedia API - Revision History
2016-01-21T01:24:36Z,Ssbbplayer,reword the sentences into a more neutral tone,Wikipedia API - Revision History
2015-12-13T12:18:14Z,Qzd,Reverted 1 edit by [[Special:Contributions/81.133.212.93|81.133.212.93]] identified as test/vandalism using [[WP:STiki|STiki]],Wikipedia API - Revision History
2015-12-13T10:41:18Z,81.133.212.93,,Wikipedia API - Revision History
2015-12-11T03:57:41Z,2602:30A:C0AA:640:BD1F:8BB0:BF0:3F5A,,Wikipedia API - Revision History
2015-12-11T03:56:33Z,2602:30A:C0AA:640:BD1F:8BB0:BF0:3F5A,,Wikipedia API - Revision History
2015-12-11T03:55:15Z,2602:30A:C0AA:640:BD1F:8BB0:BF0:3F5A,,Wikipedia API - Revision History
2015-12-09T04:02:51Z,2602:30A:C0AA:640:4DF9:A2F1:58BC:19D6,,Wikipedia API - Revision History
2015-12-09T04:02:32Z,2602:30A:C0AA:640:4DF9:A2F1:58BC:19D6,,Wikipedia API - Revision History
2015-12-08T18:34:48Z,Barek,Reverted edits by [[Special:Contribs/65.157.60.242|65.157.60.242]] ([[User talk:65.157.60.242|talk]]) to last version by 2601:188:0:ABE6:65F5:930C:B0B2:CD63,Wikipedia API - Revision History
2015-12-08T18:34:17Z,65.157.60.242,Fixed typo,Wikipedia API - Revision History
2015-12-08T03:35:41Z,2601:188:0:ABE6:65F5:930C:B0B2:CD63,rv to last good version,Wikipedia API - Revision History
2015-12-08T03:33:54Z,2602:30A:C0AA:640:C85:8AFC:477E:AA5,,Wikipedia API - Revision History
2015-12-08T02:54:40Z,2602:30A:C0AA:640:60A2:6C8D:EACF:2829,,Wikipedia API - Revision History
2015-12-07T07:06:29Z,GünniX,"/* General information */ undo vandalism of 02:08, 6 December 2015",Wikipedia API - Revision History
2015-12-06T00:11:17Z,Spolglans,Vandalism Undid revision 693938941 by [[Special:Contributions/2601:647:8102:DBC:503D:95BC:2C85:F243|2601:647:8102:DBC:503D:95BC:2C85:F243]] ([[User talk:2601:647:8102:DBC:503D:95BC:2C85:F243|talk]]),Wikipedia API - Revision History
2015-12-06T00:10:06Z,2601:647:8102:DBC:503D:95BC:2C85:F243,/* General information */,Wikipedia API - Revision History
2015-12-06T00:08:48Z,2601:647:8102:DBC:503D:95BC:2C85:F243,/* General information */,Wikipedia API - Revision History
2015-11-25T17:38:05Z,Favonian,Reverted 2 edits by [[Special:Contributions/71.161.232.193|71.161.232.193]] ([[User talk:71.161.232.193|talk]]) to last revision by ClueBot NG. ([[WP:TW|TW]]),Wikipedia API - Revision History
2015-11-25T17:15:42Z,71.161.232.193,Humor,Wikipedia API - Revision History
2015-11-25T17:13:20Z,71.161.232.193,Humor,Wikipedia API - Revision History
2015-11-25T17:12:18Z,ClueBot NG,"Reverting possible vandalism by [[Special:Contribs/71.161.232.193|71.161.232.193]] to version by Graham87. [[WP:CBFP|Report False Positive?]] Thanks, [[WP:CBNG|ClueBot NG]]. (2448431) (Bot)",Wikipedia API - Revision History
2015-11-25T17:12:16Z,71.161.232.193,Humor,Wikipedia API - Revision History
2015-11-25T17:10:56Z,71.161.232.193,Humor,Wikipedia API - Revision History
2015-11-02T00:39:08Z,Graham87,copyedit,Wikipedia API - Revision History
2015-10-28T21:37:28Z,Rtucker913,Reverted edits by [[Special:Contributions/64.114.223.120|64.114.223.120]] ([[User talk:64.114.223.120|talk]]) to last revision by ClueBot NG ([[WP:HG|HG]]),Wikipedia API - Revision History
2015-10-28T21:37:23Z,64.114.223.120,,Wikipedia API - Revision History
2015-10-14T02:38:58Z,ClueBot NG,"Reverting possible vandalism by [[Special:Contribs/97.122.113.72|97.122.113.72]] to version by Favonian. [[WP:CBFP|Report False Positive?]] Thanks, [[WP:CBNG|ClueBot NG]]. (2388959) (Bot)",Wikipedia API - Revision History
2015-10-14T02:38:57Z,97.122.113.72,,Wikipedia API - Revision History
2015-09-20T12:12:30Z,Favonian,Reverted edits by [[Special:Contribs/82.129.133.99|82.129.133.99]] ([[User talk:82.129.133.99|talk]]) to last version by Noyster,Wikipedia API - Revision History
2015-09-20T12:09:48Z,82.129.133.99,Stupid,Wikipedia API - Revision History
2015-05-26T07:34:12Z,Noyster,Reverted 1 [[WP:AGF|good faith]] edit by [[Special:Contributions/110.32.198.215|110.32.198.215]] using [[WP:STiki|STiki]],Wikipedia API - Revision History
2015-05-26T07:21:08Z,110.32.198.215,The climate of Egypt is hot,Wikipedia API - Revision History
2015-05-22T02:45:23Z,I dream of horses,Reverted edits by [[Special:Contributions/172.248.182.74|172.248.182.74]] ([[User talk:172.248.182.74|talk]]) ([[WP:HG|HG]]),Wikipedia API - Revision History
2015-05-22T02:45:15Z,172.248.182.74,I fixed the typo,Wikipedia API - Revision History
2015-04-22T17:25:40Z,ClueBot NG,"Reverting possible vandalism by [[Special:Contributions/142.28.37.176|142.28.37.176]] to version by Mahmudmasri. False positive? [[User:ClueBot NG/FalsePositives|Report it]]. Thanks, [[User:ClueBot NG|ClueBot NG]]. (2205128) (Bot)",Wikipedia API - Revision History
2015-04-22T17:25:38Z,142.28.37.176,/* General information */,Wikipedia API - Revision History
2015-04-21T23:55:26Z,Esperfulmo,Undid revision 656716037 by [[Special:Contributions/139.216.30.244|139.216.30.244]] ([[User talk:139.216.30.244|talk]]),Wikipedia API - Revision History
2015-04-16T06:01:30Z,139.216.30.244,,Wikipedia API - Revision History
2015-01-08T14:52:49Z,Favonian,Reverted edits by [[Special:Contribs/75.99.26.19|75.99.26.19]] ([[User talk:75.99.26.19|talk]]) to last version by Barek,Wikipedia API - Revision History
2015-01-08T14:51:46Z,75.99.26.19,,Wikipedia API - Revision History
2014-12-26T19:16:57Z,Barek,/* External links */ cleanup per [[WP:ELNO]] and [[WP:NOT#REPOSITORY]],Wikipedia API - Revision History
2014-12-16T00:35:33Z,50.101.56.125,,Wikipedia API - Revision History
2014-12-16T00:34:10Z,50.101.56.125,,Wikipedia API - Revision History
2014-12-08T00:36:21Z,Esperfulmo,elevation,Wikipedia API - Revision History
2014-12-01T00:31:06Z,Gilliam,Reverted edits by [[Special:Contribs/24.110.89.71|24.110.89.71]] ([[User talk:24.110.89.71|talk]]) to last version by Cwmhiraeth,Wikipedia API - Revision History
2014-12-01T00:27:12Z,24.110.89.71,,Wikipedia API - Revision History
2014-11-26T13:37:14Z,Cwmhiraeth,Reverted edits by [[Special:Contribs/72.95.40.37|72.95.40.37]] ([[User talk:72.95.40.37|talk]]) to last version by ClueBot NG,Wikipedia API - Revision History
2014-11-26T13:36:35Z,72.95.40.37,/* General information */,Wikipedia API - Revision History
2014-11-26T13:35:44Z,ClueBot NG,"Reverting possible vandalism by [[Special:Contributions/72.95.40.37|72.95.40.37]] to version by Mahmudmasri. False positive? [[User:ClueBot NG/FalsePositives|Report it]]. Thanks, [[User:ClueBot NG|ClueBot NG]]. (2042137) (Bot)",Wikipedia API - Revision History
2014-11-26T13:35:42Z,72.95.40.37,/* General information */,Wikipedia API - Revision History
2014-11-21T01:27:31Z,Esperfulmo,inaccurate claims,Wikipedia API - Revision History
2014-10-28T08:11:18Z,82.244.254.157,,Wikipedia API - Revision History
2014-10-28T08:10:17Z,82.244.254.157,,Wikipedia API - Revision History
2014-10-17T07:57:31Z,Rsrikanth05,Reverted 1 edit by [[Special:Contributions/173.162.231.209|173.162.231.209]] identified as test/vandalism using [[WP:STiki|STiki]],Wikipedia API - Revision History
2014-10-16T13:48:20Z,173.162.231.209,,Wikipedia API - Revision History
2014-08-07T03:24:37Z,Hmains,"AWB general fixes and delink dates per [[:WP:DATELINK]], [[:WP:YEARLINK]] and [[:MOS:UNLINKYEARS]] using [[Project:AWB|AWB]]",Wikipedia API - Revision History
2014-05-16T02:22:41Z,Donner60,Reverted 1 edit by [[Special:Contributions/71.218.120.130|71.218.120.130]] ([[User talk:71.218.120.130|talk]]) to last revision by ClueBot NG. ([[WP:TW|TW]]),Wikipedia API - Revision History
2014-05-16T02:22:12Z,71.218.120.130,,Wikipedia API - Revision History
2014-03-26T18:52:48Z,ClueBot NG,"Reverting possible vandalism by [[Special:Contributions/150.199.105.180|150.199.105.180]] to version by 72.10.121.133. False positive? [[User:ClueBot NG/FalsePositives|Report it]]. Thanks, [[User:ClueBot NG|ClueBot NG]]. (1765349) (Bot)",Wikipedia API - Revision History
2014-03-26T18:52:45Z,150.199.105.180,,Wikipedia API - Revision History
2014-03-26T18:50:44Z,150.199.105.180,,Wikipedia API - Revision History
2014-03-05T15:25:54Z,72.10.121.133,,Wikipedia API - Revision History
2014-03-04T15:05:37Z,Fraggle81,Reverted 1 edit by [[Special:Contributions/72.10.121.133|72.10.121.133]] identified using [[WP:STiki|STiki]],Wikipedia API - Revision History
2014-03-04T15:04:50Z,72.10.121.133,,Wikipedia API - Revision History
2014-02-21T10:49:24Z,Esperfulmo,/* General information */ + Rafah,Wikipedia API - Revision History
2014-02-20T02:20:07Z,Esperfulmo,/* General information */,Wikipedia API - Revision History
2014-02-17T11:58:14Z,ClueBot NG,"Reverting possible vandalism by [[Special:Contributions/41.65.206.68|41.65.206.68]] to version by Widr. False positive? [[User:ClueBot NG/FalsePositives|Report it]]. Thanks, [[User:ClueBot NG|ClueBot NG]]. (1703926) (Bot)",Wikipedia API - Revision History
2014-02-17T11:58:10Z,41.65.206.68,,Wikipedia API - Revision History
2014-01-26T21:03:09Z,Widr,[[Help:Reverting|Reverted]] edits by [[Special:Contributions/95.150.159.117|95.150.159.117]] ([[User talk:95.150.159.117|talk]]) to last version by Mahmudmasri,Wikipedia API - Revision History
2014-01-26T20:20:55Z,95.150.159.117,,Wikipedia API - Revision History
2014-01-03T14:42:02Z,Esperfulmo,another normal storms that are can also happen in late summer,Wikipedia API - Revision History
2014-01-01T18:13:06Z,Esperfulmo,"the months links are relevant; corrected style; Sinai is part of Asia, therefore the template of Asia is relevant",Wikipedia API - Revision History
2013-12-24T09:09:48Z,180.234.116.4,/* External links */,Wikipedia API - Revision History
2013-12-21T19:42:26Z,Hmainsbot1,"AWB general fixes and delink dates per [[:WP:DATELINK]], [[:WP:YEARLINK]] and [[:MOS:UNLINKYEARS]] using [[Project:AWB|AWB]]",Wikipedia API - Revision History
2013-12-17T15:47:39Z,117.200.172.135,,Wikipedia API - Revision History
2013-09-28T10:53:46Z,Esperfulmo,west,Wikipedia API - Revision History
2013-09-12T20:26:51Z,Esperfulmo,that phrase is simpler,Wikipedia API - Revision History
2013-09-11T13:21:42Z,Esperfulmo,moderate,Wikipedia API - Revision History
2013-09-11T01:34:09Z,108.254.112.133,words,Wikipedia API - Revision History
2013-08-22T06:10:31Z,Esperfulmo,External links split,Wikipedia API - Revision History
2013-08-18T15:36:19Z,Esperfulmo,/* General information */,Wikipedia API - Revision History
2013-08-17T11:10:18Z,Esperfulmo,/* General information */,Wikipedia API - Revision History
2013-08-14T13:52:29Z,Esperfulmo,"/* General information */ Alexandria is the wettest in all of Egypt, not just of other cities",Wikipedia API - Revision History
2013-08-13T15:03:47Z,Esperfulmo,/* General information */,Wikipedia API - Revision History
2013-08-13T12:17:58Z,Esperfulmo,/* General information */,Wikipedia API - Revision History
2013-08-13T11:48:26Z,Esperfulmo,/* General information */,Wikipedia API - Revision History
2013-08-13T10:19:51Z,Esperfulmo,/* General information */,Wikipedia API - Revision History
2013-08-13T09:54:41Z,Esperfulmo,/* General information */,Wikipedia API - Revision History
2013-08-13T09:26:47Z,Esperfulmo,/* General information */,Wikipedia API - Revision History
2013-08-12T04:41:48Z,Esperfulmo,/* General information */,Wikipedia API - Revision History
2013-08-12T03:46:15Z,Esperfulmo,/* General information */,Wikipedia API - Revision History
2013-08-08T03:43:07Z,Magioladitis,"Remove unicode control characters (CHECKWIKI error 16), removed stub tag using [[Project:AWB|AWB]] (9369)",Wikipedia API - Revision History
2013-08-07T02:30:32Z,Esperfulmo,/* General information */,Wikipedia API - Revision History
2013-08-05T23:38:34Z,Esperfulmo,/* General information */ citing,Wikipedia API - Revision History
2013-08-04T02:03:56Z,Esperfulmo,June,Wikipedia API - Revision History
2013-08-03T20:15:16Z,Esperfulmo,it was not a grammatical mistake. Rephrased,Wikipedia API - Revision History
2013-08-02T21:42:43Z,64.42.103.93,Grammar mistake fixed,Wikipedia API - Revision History
2013-07-31T19:52:47Z,Hebrides,"clean up, replaced: [[March]] → March (2), removed: (21) using [[Project:AWB|AWB]]",Wikipedia API - Revision History
2013-07-27T19:44:38Z,Esperfulmo,|abbr=on,Wikipedia API - Revision History
2013-07-27T19:43:26Z,Esperfulmo,north coast; convert,Wikipedia API - Revision History
2013-07-17T22:32:12Z,Esperfulmo,"/* General information */ cities, because there are desert areas with similar or more variation",Wikipedia API - Revision History
2013-07-12T17:00:24Z,Yobot,"clean up, References after punctuation per [[WP:REFPUNC]] and [[WP:CITEFOOT]] using [[Project:AWB|AWB]] (9345)",Wikipedia API - Revision History
2013-07-10T19:16:37Z,Esperfulmo,/* General information */ none,Wikipedia API - Revision History
2013-07-10T16:38:30Z,Esperfulmo,/* General information */ prominent examples,Wikipedia API - Revision History
2013-07-06T13:23:51Z,Esperfulmo,/* General information */ info unavailable,Wikipedia API - Revision History
2013-06-22T23:30:29Z,Esperfulmo,/* General information */,Wikipedia API - Revision History
2013-06-22T23:16:08Z,Esperfulmo,/* General information */ wettest,Wikipedia API - Revision History
2013-06-22T22:30:44Z,Esperfulmo,/* General information */,Wikipedia API - Revision History
2013-06-22T22:28:02Z,Esperfulmo,/* General information */,Wikipedia API - Revision History
2013-06-22T22:24:45Z,Esperfulmo,/* General information */,Wikipedia API - Revision History
2013-06-22T20:39:22Z,Esperfulmo,/* General information */,Wikipedia API - Revision History
2013-06-22T20:32:38Z,Esperfulmo,/* General information */,Wikipedia API - Revision History
2013-06-22T10:25:49Z,Esperfulmo,/* General information */,Wikipedia API - Revision History
2013-06-21T16:54:25Z,Esperfulmo,/* General information */,Wikipedia API - Revision History
2013-06-21T16:30:40Z,Esperfulmo,expand,Wikipedia API - Revision History
2013-06-21T15:58:46Z,Esperfulmo,/* General information */,Wikipedia API - Revision History
2013-06-21T15:55:12Z,Esperfulmo,/* General information */,Wikipedia API - Revision History
2013-06-21T13:49:58Z,Esperfulmo,maps,Wikipedia API - Revision History
2013-06-21T13:15:24Z,Esperfulmo,/* General information */,Wikipedia API - Revision History
2013-06-21T13:11:47Z,Esperfulmo,/* General information */,Wikipedia API - Revision History
2013-06-21T12:59:58Z,Esperfulmo,/* General information */,Wikipedia API - Revision History
2013-06-21T12:56:23Z,Esperfulmo,/* General information */,Wikipedia API - Revision History
2013-06-21T12:46:46Z,Esperfulmo,/* General information */,Wikipedia API - Revision History
2013-06-21T12:45:35Z,Esperfulmo,/* General information */,Wikipedia API - Revision History
2013-06-20T15:57:52Z,Esperfulmo,general info,Wikipedia API - Revision History
2013-06-07T06:18:19Z,Esperfulmo,,Wikipedia API - Revision History
2013-06-07T06:16:10Z,Esperfulmo,,Wikipedia API - Revision History
2013-06-07T06:13:34Z,Esperfulmo,wikilinks,Wikipedia API - Revision History
2013-06-07T06:11:51Z,Esperfulmo,general info,Wikipedia API - Revision History
2013-06-01T07:26:34Z,Esperfulmo,n,Wikipedia API - Revision History
2013-06-01T07:26:18Z,Esperfulmo,some edits,Wikipedia API - Revision History
2013-05-25T22:06:10Z,WadeSimMiser,Reverted edits by [[Special:Contributions/98.245.32.197|98.245.32.197]] ([[User talk:98.245.32.197|talk]]) to last revision by ClueBot NG ([[WP:HG|HG]]),Wikipedia API - Revision History
2013-05-25T22:05:37Z,98.245.32.197,,Wikipedia API - Revision History
2013-05-25T22:04:11Z,ClueBot NG,"Reverting possible vandalism by [[Special:Contributions/98.245.32.197|98.245.32.197]] to version by Cymru.lass. False positive? [[User:ClueBot NG/FalsePositives|Report it]]. Thanks, [[User:ClueBot NG|ClueBot NG]]. (1651050) (Bot)",Wikipedia API - Revision History
2013-05-25T22:04:01Z,98.245.32.197,,Wikipedia API - Revision History
2013-05-25T22:02:23Z,98.245.32.197,,Wikipedia API - Revision History
2013-05-25T22:01:30Z,98.245.32.197,,Wikipedia API - Revision History
2013-04-25T18:01:59Z,Cymru.lass,[[Help:Reverting|Reverted]] edits by [[Special:Contributions/206.176.114.67|206.176.114.67]] ([[User talk:206.176.114.67|talk]]) to last version by ClueBot NG,Wikipedia API - Revision History
2013-04-25T18:00:48Z,206.176.114.67,/* See also */,Wikipedia API - Revision History
2013-04-22T23:29:37Z,ClueBot NG,"Reverting possible vandalism by [[Special:Contributions/70.68.104.182|70.68.104.182]] to version by Addbot. False positive? [[User:ClueBot NG/FalsePositives|Report it]]. Thanks, [[User:ClueBot NG|ClueBot NG]]. (1603554) (Bot)",Wikipedia API - Revision History
2013-04-22T23:29:28Z,70.68.104.182,,Wikipedia API - Revision History
2013-03-21T03:31:13Z,Addbot,"[[User:Addbot|Bot:]] Migrating 2 interwiki links, now provided by [[Wikipedia:Wikidata|Wikidata]] on [[d:q3380816]]",Wikipedia API - Revision History
2013-03-12T18:43:06Z,Widr,[[Help:Reverting|Reverted]] edits by [[Special:Contributions/66.154.146.59|66.154.146.59]] ([[User talk:66.154.146.59|talk]]) to last version by Deea12345,Wikipedia API - Revision History
2013-03-12T18:22:47Z,66.154.146.59,/* References */,Wikipedia API - Revision History
2013-03-11T18:52:38Z,Deea12345,,Wikipedia API - Revision History
2013-03-09T16:58:11Z,Esperfulmo,a correction about the sand storm,Wikipedia API - Revision History
2013-03-06T17:11:33Z,Khazar2,"clean up, [[WP:AWB/T|typos fixed]]: an hot → a hot using [[Project:AWB|AWB]] (8564)",Wikipedia API - Revision History
2013-03-04T23:43:56Z,Weedwhacker128,Reverted edits by [[Special:Contributions/24.131.95.5|24.131.95.5]] ([[User talk:24.131.95.5|talk]]) to last revision by Mahmudmasri ([[WP:HG|HG]]),Wikipedia API - Revision History
2013-03-04T23:24:29Z,24.131.95.5,/* See also */,Wikipedia API - Revision History
2013-01-23T21:57:41Z,Esperfulmo,"31, night",Wikipedia API - Revision History
2013-01-22T00:07:51Z,Esperfulmo,precision,Wikipedia API - Revision History
2013-01-13T05:15:04Z,Sunray,Reverted edit(s) by [[Special:Contributions/207.161.2.237|207.161.2.237]] identified as test/vandalism using [[WP:STiki|STiki]],Wikipedia API - Revision History
2013-01-13T03:41:10Z,207.161.2.237,/* See also */,Wikipedia API - Revision History
2013-01-11T04:57:47Z,Esperfulmo,the other coasts don't apply,Wikipedia API - Revision History
2013-01-11T04:53:57Z,Esperfulmo,climate table of Cairo as an example + wikilinks,Wikipedia API - Revision History
2012-12-15T05:05:14Z,190.92.77.34,Eliminated last sentence in the last paragraph.,Wikipedia API - Revision History
2012-12-09T00:27:12Z,Rushbugled13,Reverted [[WP:AGF|good faith]] edit(s) by [[Special:Contributions/76.24.88.97|76.24.88.97]] using [[WP:STiki|STiki]],Wikipedia API - Revision History
2012-12-09T00:24:04Z,76.24.88.97,/* See also */,Wikipedia API - Revision History
2012-12-09T00:22:56Z,ClueBot NG,"Reverting possible vandalism by [[Special:Contributions/76.24.88.97|76.24.88.97]] to version by 108.180.12.75. False positive? [[User:ClueBot NG/FalsePositives|Report it]]. Thanks, [[User:ClueBot NG|ClueBot NG]]. (1387950) (Bot)",Wikipedia API - Revision History
2012-12-09T00:22:52Z,76.24.88.97,/* See also */,Wikipedia API - Revision History
2012-11-30T00:25:47Z,108.180.12.75,spelling,Wikipedia API - Revision History
2012-11-30T00:25:00Z,108.180.12.75,added why its never rains,Wikipedia API - Revision History
2012-11-12T00:44:39Z,139.163.138.11,,Wikipedia API - Revision History
2012-11-12T00:38:22Z,139.163.138.11,,Wikipedia API - Revision History
2012-11-11T17:54:23Z,Favonian,[[Help:Reverting|Reverted]] edits by [[Special:Contributions/80.45.67.173|80.45.67.173]] ([[User talk:80.45.67.173|talk]]) to last version by Ashashyou,Wikipedia API - Revision History
2012-11-11T16:43:59Z,80.45.67.173,,Wikipedia API - Revision History
2012-10-27T15:06:01Z,Ashashyou,,Wikipedia API - Revision History
2012-09-27T15:22:49Z,Heironymous Rowe,Undid revision 514811710 by [[Special:Contributions/Goldsaga|Goldsaga]] ([[User talk:Goldsaga|talk]]),Wikipedia API - Revision History
2012-09-27T14:54:37Z,Goldsaga,,Wikipedia API - Revision History
2012-09-07T10:38:22Z,Callanecc,[[Help:Reverting|Reverted]] edits by [[Special:Contributions/68.58.150.132|68.58.150.132]] ([[User talk:68.58.150.132|talk]]) to last version by ClueBot NG,Wikipedia API - Revision History
2012-09-07T10:36:40Z,68.58.150.132,/* See also */,Wikipedia API - Revision History
2012-09-07T10:35:41Z,ClueBot NG,"Reverting possible vandalism by [[Special:Contributions/68.58.150.132|68.58.150.132]] to version by 195.177.83.222. False positive? [[User:ClueBot NG/FalsePositives|Report it]]. Thanks, [[User:ClueBot NG|ClueBot NG]]. (1199651) (Bot)",Wikipedia API - Revision History
2012-09-07T10:35:37Z,68.58.150.132,/* See also */,Wikipedia API - Revision History
2012-05-09T12:27:18Z,195.177.83.222,typo,Wikipedia API - Revision History
2012-03-24T22:33:11Z,Topbanana,Fixing convert template,Wikipedia API - Revision History
2012-02-13T04:02:14Z,70.176.74.118,,Wikipedia API - Revision History
2012-02-13T04:01:05Z,70.176.74.118,,Wikipedia API - Revision History
2012-02-09T01:20:57Z,Mark Arsten,Reverted edits by [[Special:Contributions/69.108.82.1|69.108.82.1]] ([[User talk:69.108.82.1|talk]]) to last revision by 117.195.79.251 ([[WP:HG|HG]]),Wikipedia API - Revision History
2012-02-09T01:20:51Z,69.108.82.1,"[[WP:AES|←]]Replaced content with '[[]]

[[no:Egypts klima]]
[[ro:Clima Egiptului]]'",Wikipedia API - Revision History
2012-02-09T01:20:10Z,69.108.82.1,,Wikipedia API - Revision History
2012-02-06T12:58:00Z,117.195.79.251,,Wikipedia API - Revision History
2012-01-06T03:23:46Z,ClueBot NG,"Reverting possible vandalism by [[Special:Contributions/68.184.29.178|68.184.29.178]] to version by Glacialfox. False positive? [[User:ClueBot NG/FalsePositives|Report it]]. Thanks, [[User:ClueBot NG|ClueBot NG]]. (796673) (Bot)",Wikipedia API - Revision History
2012-01-06T03:23:41Z,68.184.29.178,,Wikipedia API - Revision History
2012-01-05T23:55:14Z,Glacialfox,Reverted edits by [[Special:Contributions/24.14.250.51|24.14.250.51]] to last version by AlwaysUnite ([[User:Ale_jrb/Scripts/igloo|GLOO]]),Wikipedia API - Revision History
2012-01-05T23:54:58Z,24.14.250.51,/* See also */,Wikipedia API - Revision History
2012-01-05T23:53:51Z,24.14.250.51,/* See also */,Wikipedia API - Revision History
2011-11-30T20:15:40Z,ScienceDawns,that was indeed funny.. Egypt moderate.. right,Wikipedia API - Revision History
2011-11-19T06:09:08Z,207.81.160.138,,Wikipedia API - Revision History
2011-11-15T09:38:59Z,58.7.196.130,,Wikipedia API - Revision History
2011-05-25T15:50:25Z,94.195.212.41,More grammar.  Was a mess.,Wikipedia API - Revision History
2011-05-25T15:46:45Z,94.195.212.41,Grammar,Wikipedia API - Revision History
2011-05-22T18:30:18Z,Luckas-bot,r2.7.1) (robot Adding: [[no:Egypts klima]],Wikipedia API - Revision History
2011-05-05T15:43:21Z,Lightbot,Delink common units. See [[Wikipedia:Link#What_generally_should_not_be_linked|wp:link - What generally should not be linked]],Wikipedia API - Revision History
2011-04-16T05:13:34Z,Demner,fix typo,Wikipedia API - Revision History
2011-04-12T00:47:53Z,205.185.84.103,,Wikipedia API - Revision History
2011-02-03T00:33:48Z,Wireless Keyboard,Reverted edit(s) by [[Special:Contributions/88.108.88.41|88.108.88.41]] identified as test/vandalism using [[WP:STiki|STiki]],Wikipedia API - Revision History
2011-01-31T19:39:11Z,88.108.88.41,/* See also */,Wikipedia API - Revision History
2010-08-21T20:45:46Z,99.13.119.174,/* References */,Wikipedia API - Revision History
2010-07-25T10:19:59Z,202.128.35.164,/* See also */,Wikipedia API - Revision History
2010-07-25T08:23:22Z,202.128.35.164,/* See also */,Wikipedia API - Revision History
2010-06-27T09:55:15Z,81.99.44.43,,Wikipedia API - Revision History
2010-05-27T15:18:59Z,69.141.195.163,/* References */,Wikipedia API - Revision History
2010-05-27T15:17:14Z,69.141.195.163,/* See also */,Wikipedia API - Revision History
2010-05-18T13:48:08Z,SieBot,robot Adding: [[ro:Clima Egiptului]],Wikipedia API - Revision History
2010-04-18T17:38:40Z,41.234.155.20,,Wikipedia API - Revision History
2010-04-18T17:36:31Z,41.234.155.20,,Wikipedia API - Revision History
2010-04-05T18:44:25Z,Icairns,/* References */ +adj filing,Wikipedia API - Revision History
2010-04-02T02:36:35Z,Peter Horn,See also,Wikipedia API - Revision History
2010-04-02T02:34:47Z,Peter Horn,{{convert|14|°C|1|lk=on}} was 14°[[Clesius|C]] etc,Wikipedia API - Revision History
2010-04-02T02:22:59Z,Peter Horn,/* References */ {{Asia topic|Climate of}} {{Africa topic|Climate of}},Wikipedia API - Revision History
2010-03-27T20:35:44Z,The Anomebot2,Adding geodata: {{coord missing|Egypt}},Wikipedia API - Revision History
2010-02-25T22:49:12Z,Michael Hardy,fixed an amusing typo,Wikipedia API - Revision History
2010-02-22T16:03:41Z,Mohamed Magdy,Link fix + link to disambigous page fix.,Wikipedia API - Revision History
2010-02-22T16:01:46Z,MuffledThud,Quick-adding category [[:Category:Environment of Egypt|Environment of Egypt]] (using [[WP:HOTCAT|HotCat]]),Wikipedia API - Revision History
2010-02-22T15:59:34Z,Mohamed Magdy,Creating a page.,Wikipedia API - Revision History
